CREATE DATABASE  IF NOT EXISTS `dads4002_final` /*!40100 DEFAULT CHARACTER SET utf8mb4 COLLATE utf8mb4_0900_ai_ci */ /*!80016 DEFAULT ENCRYPTION='N' */;
USE `dads4002_final`;
-- MySQL dump 10.13  Distrib 8.0.27, for Win64 (x86_64)
--
-- Host: localhost    Database: dads4002_final
-- ------------------------------------------------------
-- Server version	8.0.27

/*!40101 SET @OLD_CHARACTER_SET_CLIENT=@@CHARACTER_SET_CLIENT */;
/*!40101 SET @OLD_CHARACTER_SET_RESULTS=@@CHARACTER_SET_RESULTS */;
/*!40101 SET @OLD_COLLATION_CONNECTION=@@COLLATION_CONNECTION */;
/*!50503 SET NAMES utf8 */;
/*!40103 SET @OLD_TIME_ZONE=@@TIME_ZONE */;
/*!40103 SET TIME_ZONE='+00:00' */;
/*!40014 SET @OLD_UNIQUE_CHECKS=@@UNIQUE_CHECKS, UNIQUE_CHECKS=0 */;
/*!40014 SET @OLD_FOREIGN_KEY_CHECKS=@@FOREIGN_KEY_CHECKS, FOREIGN_KEY_CHECKS=0 */;
/*!40101 SET @OLD_SQL_MODE=@@SQL_MODE, SQL_MODE='NO_AUTO_VALUE_ON_ZERO' */;
/*!40111 SET @OLD_SQL_NOTES=@@SQL_NOTES, SQL_NOTES=0 */;

--
-- Table structure for table `eatingperiod`
--

DROP TABLE IF EXISTS `eatingperiod`;
/*!40101 SET @saved_cs_client     = @@character_set_client */;
/*!50503 SET character_set_client = utf8mb4 */;
CREATE TABLE `eatingperiod` (
  `period_id` varchar(4) NOT NULL,
  `period_name` varchar(45) NOT NULL,
  PRIMARY KEY (`period_id`),
  UNIQUE KEY `period_id_UNIQUE` (`period_id`)
) ENGINE=InnoDB DEFAULT CHARSET=utf8mb4 COLLATE=utf8mb4_0900_ai_ci;
/*!40101 SET character_set_client = @saved_cs_client */;

--
-- Dumping data for table `eatingperiod`
--

LOCK TABLES `eatingperiod` WRITE;
/*!40000 ALTER TABLE `eatingperiod` DISABLE KEYS */;
INSERT INTO `eatingperiod` VALUES ('p001','เช้า'),('p002','กลางวัน'),('p003','บ่าย'),('p004','เย็น'),('p005','ดึก');
/*!40000 ALTER TABLE `eatingperiod` ENABLE KEYS */;
UNLOCK TABLES;

--
-- Table structure for table `foodlogs`
--

DROP TABLE IF EXISTS `foodlogs`;
/*!40101 SET @saved_cs_client     = @@character_set_client */;
/*!50503 SET character_set_client = utf8mb4 */;
CREATE TABLE `foodlogs` (
  `log_id` int NOT NULL AUTO_INCREMENT,
  `user_id` varchar(7) NOT NULL,
  `period_id` varchar(4) NOT NULL,
  `type_id` varchar(6) NOT NULL,
  `date` date NOT NULL,
  `time` time NOT NULL,
  `food_name` varchar(200) NOT NULL,
  `food_group` varchar(100) NOT NULL,
  `quantity` int NOT NULL,
  `calories` int DEFAULT NULL,
  `food_national` varchar(100) DEFAULT NULL,
  `food_price` int DEFAULT NULL,
  PRIMARY KEY (`log_id`,`user_id`),
  KEY `fk_foodlogs_users_idx` (`user_id`),
  KEY `fk_foodlogs_eatingperiod1_idx` (`period_id`),
  KEY `fk_foodlogs_foodtype1_idx` (`type_id`),
  KEY `fk_foodlogs_usertracking1_idx` (`date`),
  CONSTRAINT `fk_foodlogs_eatingperiod1` FOREIGN KEY (`period_id`) REFERENCES `eatingperiod` (`period_id`),
  CONSTRAINT `fk_foodlogs_foodtype1` FOREIGN KEY (`type_id`) REFERENCES `foodtype` (`type_id`),
  CONSTRAINT `fk_foodlogs_users` FOREIGN KEY (`user_id`) REFERENCES `users` (`user_id`),
  CONSTRAINT `fk_foodlogs_usertracking1` FOREIGN KEY (`date`) REFERENCES `usertracking` (`date`)
) ENGINE=InnoDB AUTO_INCREMENT=223 DEFAULT CHARSET=utf8mb4 COLLATE=utf8mb4_0900_ai_ci;
/*!40101 SET character_set_client = @saved_cs_client */;

--
-- Dumping data for table `foodlogs`
--

LOCK TABLES `foodlogs` WRITE;
/*!40000 ALTER TABLE `foodlogs` DISABLE KEYS */;
INSERT INTO `foodlogs` VALUES (1,'u000004','p001','T00001','2021-11-23','08:00:00','กาแฟดำ หวานน้อย','กาแฟ',1,50,'นานาชาติ',50),(2,'u000002','p001','T00002','2021-11-23','08:10:00','ไข่เจียว','กับข้าว',1,155,'ไทย',30),(3,'u000002','p001','T00001','2021-11-23','11:10:00','น้ำเต้าหู้','นม',1,54,'ไทย',10),(4,'u000001','p002','T00002','2021-11-23','12:00:00','บะหมี่ไก่','ก๋วยเตี๋ยว',1,462,'ไทย',45),(5,'u000004','p002','T00002','2021-11-23','12:00:00','ก๋วยเตี๋ยวไก่','ก๋วยเตี๋ยว',1,428,'ไทย',45),(6,'u000002','p002','T00002','2021-11-23','13:10:00','ก๋วยเตี๋ยวไก่','ก๋วยเตี๋ยว',1,428,'ไทย',50),(7,'u000004','p003','T00004','2021-11-23','16:00:00','ข้าวต้มมัด','ของหวาน',1,285,'ไทย',20),(8,'u000004','p004','T00002','2021-11-23','17:00:00','เกี๊ยวหมู','ของว่าง',1,90,'ไทย',45),(9,'u000002','p005','T00002','2021-11-23','19:10:00','ยำวุ้นเส้น','ยำ',1,250,'ไทย',50),(10,'u000002','p002','T00001','2021-11-23','13:20:00','ชานมไข่มุก','ชา',1,315,'ไต้หวัน',60),(11,'u000001','p001','T00002','2021-11-23','08:30:00','ข้าวมันไก่','ข้าว',1,618,'ไทย',50),(12,'u000001','p001','T00001','2021-11-23','08:30:00','กาแฟอเมริกาโน่ (ไม่หวาน)','กาแฟ',1,0,'นานาชาติ',40),(13,'u000001','p002','T00002','2021-11-23','12:30:00','บะหมี่แห้งลูกชิ้นปลา','ก๋วยเตี๋ยว',1,370,'ไทย',50),(14,'u000001','p001','T00002','2021-11-24','08:30:00','ข้าวราดแกงเขียวหวาน','ข้าว',1,479,'ไทย',40),(15,'u000001','p001','T00001','2021-11-24','08:30:00','กาแฟอเมริกาโน่ (ไม่หวาน)','กาแฟ',1,0,'นานาชาติ',40),(16,'u000002','p001','T00002','2021-11-24','08:30:00','ข้าวเหนียวหมูปิ้ง','ข้าว',1,580,'ไทย',25),(17,'u000004','p001','T00001','2021-11-24','09:00:00','ชามะนาว','ชา',1,100,'ไทย',45),(18,'u000001','p002','T00002','2021-11-24','12:00:00','บะหมี่ไก่','ก๋วยเตี๋ยว',1,462,'ไทย',45),(19,'u000001','p002','T00001','2021-11-24','12:00:00','โค้กซีโร่','น้ำอัดลม',1,0,'นานาชาติ',12),(20,'u000004','p002','T00002','2021-11-24','12:10:00','ข้าวกะเพราไก่','ข้าว',1,630,'ไทย',45),(21,'u000002','p002','T00002','2021-11-24','12:30:00','ก๋วยเตี๋ยวหมูต้มยำ','ก๋วยเตี๋ยว',1,300,'ไทย',45),(22,'u000002','p003','T00001','2021-11-24','13:30:00','ชานม','ชา',1,300,'ไต้หวัน',75),(23,'u000004','p003','T00004','2021-11-24','14:00:00','ข้าวต้มมัด','ของหวาน',1,285,'ไทย',20),(24,'u000001','p002','T00002','2021-11-24','12:30:00','ก๋วยเตี๋ยวคั่วไก่','ก๋วยเตี๋ยว',1,495,'ไทย',50),(25,'u000004','p004','T00002','2021-11-24','17:30:00','ไก่ทอด','กับข้าว',1,500,'ไทย',40),(26,'u000004','p004','T00002','2021-11-24','17:30:00','เฟรนฟราย','ของว่าง',1,310,'ไทย',50),(27,'u000001','p002','T00004','2021-11-24','11:00:00','บราวนี่','ของหวาน',1,220,'นานาชาติ',30),(28,'u000002','p005','T00002','2021-11-24','19:30:00','แซลมอนซาชิมิ','กับข้าว',1,179,'ญี่ปุ่น',250),(29,'u000003','p001','T00002','2021-11-25','08:00:00','ต้มเลือดหมู','กับข้าว',1,120,'ไทย',40),(30,'u000003','p001','T00001','2021-11-25','08:00:00','กาแฟคาปูชิโนร้อน','กาแฟ',1,200,'นานาชาติ',35),(31,'u000004','p001','T00001','2021-11-25','09:00:00','กาแฟลาเต้','กาแฟ',1,200,'นานาชาติ',50),(32,'u000001','p002','T00002','2021-11-25','12:00:00','ข้าวผัดหมู','ข้าว',1,630,'ไทย',40),(33,'u000003','p002','T00002','2021-11-25','12:00:00','ข้าวเหนียวส้มตำ','ข้าว',1,350,'ไทย',105),(34,'u000004','p003','T00003','2021-11-25','14:00:00','ถั่ว','ของว่าง',1,100,'ไทย',20),(35,'u000001','p003','T00001','2021-11-25','15:00:00','โค้กซีโร่','น้ำอัดลม',1,0,'นานาชาติ',12),(36,'u000004','p004','T00002','2021-11-25','17:30:00','ไข่ต้ม','กับข้าว',2,155,'ไทย',20),(37,'u000002','p004','T00002','2021-11-25','17:30:00','ข้าวมันไก่','ข้าว',1,618,'ไทย',40),(38,'u000001','p004','T00002','2021-11-25','18:00:00','ข้าวต้มแห้งทะเล','ข้าว',1,203,'ไทย',80),(39,'u000003','p004','T00002','2021-11-25','18:00:00','เนื้อย่าง','กับข้าว',1,170,'ไทย',450),(40,'u000003','p005','T00001','2021-11-25','20:00:00','เบียร์','เบียร์',1,100,'นานาชาติ',400),(41,'u000002','p002','T00002','2021-11-25','12:00:00','ก๋วยเตี๋ยวหมูต้มยำ','ก๋วยเตี๋ยว',1,300,'ไทย',45),(42,'u000001','p001','T00002','2021-11-25','08:30:00','ข้าวมันไก่','ข้าว',1,618,'ไทย',50),(43,'u000003','p001','T00002','2021-11-26','07:50:00','ซาลาเปาหมูสับ','ของว่าง',1,180,'ไทย',9),(44,'u000002','p001','T00002','2021-11-26','08:30:00','โจ๊กหมู','ข้าว',1,200,'ไทย',35),(45,'u000004','p001','T00002','2021-11-26','10:00:00','ข้าวผัดกุนเชียง','ข้าว',1,590,'ไทย',50),(46,'u000001','p002','T00002','2021-11-26','12:00:00','ข้าวผัดพริกแกงหมู','ข้าว',1,718,'ไทย',40),(47,'u000003','p002','T00002','2021-11-26','12:00:00','ก๋วยเตี๋ยวน้ำตกหมู','ก๋วยเตี๋ยว',1,360,'ไทย',40),(48,'u000004','p002','T00002','2021-11-26','12:30:00','ข้าวไข่เจียว','ข้าว',1,320,'ไทย',40),(49,'u000001','p003','T00003','2021-11-26','15:00:00','ขนมขาไก่','ขนม',1,50,'ไทย',10),(50,'u000003','p001','T00001','2021-11-26','08:00:00','กาแฟคาปูชิโนร้อน','กาแฟ',1,200,'นานาชาติ',35),(51,'u000004','p003','T00004','2021-11-26','16:00:00','ไอติม','ของหวาน',1,207,'นานาชาติ',60),(52,'u000001','p004','T00002','2021-11-26','18:00:00','บะหมี่แห้งลูกชิ้นปลา','ก๋วยเตี๋ยว',1,370,'ไทย',60),(53,'u000004','p005','T00005','2021-11-26','19:00:00','ส้ม','ผลไม้',2,80,'นานาชาติ',15),(54,'u000002','p002','T00001','2021-11-26','11:30:00','กาแฟลาเต้','กาแฟ',1,200,'นานาชาติ',95),(55,'u000003','p005','T00002','2021-11-26','19:30:00','ข้าวหมูทอดกระเทียม','ข้าว',1,525,'ไทย',50),(56,'u000002','p005','T00002','2021-11-26','20:30:00','แซนวิชทูน่า','ขนมปัง',1,180,'นานาชาติ',80),(57,'u000001','p001','T00002','2021-11-26','08:30:00','ผัดซีอิ๊ว','ก๋วยเตี๋ยว',1,730,'ไทย',40),(58,'u000003','p001','T00002','2021-11-27','08:00:00','ต้มเลือดหมู','กับข้าว',1,120,'ไทย',40),(59,'u000003','p001','T00001','2021-11-27','08:30:00','กาแฟคาปูชิโนร้อน','กาแฟ',1,200,'นานาชาติ',35),(60,'u000001','p001','T00001','2021-11-27','09:00:00','กาแฟอเมริกาโน่ (ไม่หวาน)','กาแฟ',1,0,'นานาชาติ',55),(61,'u000003','p001','T00002','2021-11-27','09:00:00','แซลมอนซาชิมิ','กับข้าว',1,179,'ญี่ปุ่น',301),(62,'u000004','p001','T00001','2021-11-27','09:00:00','กาแฟชาเขียว','กาแฟ',1,300,'นานาชาติ',65),(63,'u000001','p002','T00002','2021-11-27','12:00:00','ข้าวกะเพราหมู','ข้าว',1,610,'ไทย',40),(64,'u000004','p002','T00002','2021-11-27','12:00:00','ข้าวมันไก่','ข้าว',1,618,'ไทย',55),(65,'u000001','p004','T00002','2021-11-27','18:00:00','ก๋วยเตี๋ยวเย็นตาโฟต้มยำ','ก๋วยเตี๋ยว',1,420,'ไทย',50),(66,'u000003','p004','T00002','2021-11-27','18:00:00','ราเมงหมูสามชั้น','ก๋วยเตี๋ยว',1,436,'ญี่ปุ่น',189),(67,'u000004','p004','T00002','2021-11-27','18:00:00','ก๋วยเตี๋ยวปลาต้มยำ','ก๋วยเตี๋ยว',2,300,'ไทย',55),(68,'u000003','p002','T00002','2021-11-27','11:50:00','ก๋วยเตี๋ยวราดหน้าปลากะพง','ก๋วยเตี๋ยว',1,400,'ไทย',120),(69,'u000001','p001','T00002','2021-11-27','08:30:00','ข้าวหมูทอดกระเทียม','ข้าว',1,525,'ไทย',40),(70,'u000003','p001','T00002','2021-11-28','08:30:00','ข้าวเหนียวหมูทอด','ข้าว',1,440,'ไทย',30),(71,'u000003','p001','T00001','2021-11-28','08:30:00','กาแฟคาปูชิโนร้อน','กาแฟ',1,200,'นานาชาติ',35),(72,'u000004','p001','T00001','2021-11-28','09:00:00','กาแฟดำน้ำผึ้ง','กาแฟ',1,100,'นานาชาติ',55),(73,'u000001','p001','T00001','2021-11-28','10:00:00','กาแฟดริป','กาแฟ',1,0,'นานาชาติ',20),(74,'u000001','p002','T00002','2021-11-28','12:00:00','ข้าวกะเพราเนื้อออสเตรเลีย','ข้าว',1,700,'ไทย',100),(75,'u000003','p002','T00002','2021-11-28','12:00:00','ผัดไทยกุ้งสด','ก๋วยเตี๋ยว',1,488,'ไทย',70),(76,'u000003','p002','T00005','2021-11-28','12:00:00','กล้วยหอม','ผลไม้',1,88,'นานาชาติ',8),(77,'u000004','p002','T00002','2021-11-28','12:00:00','แซนวิชแฮมชีส','ขนมปัง',1,240,'นานาชาติ',35),(78,'u000001','p004','T00002','2021-11-28','18:00:00','ข้าวหน้าเนื้อยากินิกุ','ข้าว',1,758,'ญี่ปุ่น',120),(79,'u000003','p004','T00002','2021-11-28','18:00:00','ไก่ทอดวิงแซ่บ','กับข้าว',5,500,'นานาชาติ',129),(80,'u000004','p004','T00003','2021-11-28','18:00:00','เครปหมูหยองน้ำพริกเผา','ของว่าง',1,451,'ไทย',65),(81,'u000004','p005','T00002','2021-11-28','18:30:00','สุกี้ญี่ปุ่น','ก๋วยเตี๋ยว',1,225,'ญี่ปุ่น',200),(82,'u000003','p005','T00003','2021-11-28','18:40:00','ขนมถุง','ขนม',1,140,'นานาชาติ',40),(83,'u000001','p001','T00002','2021-11-28','08:30:00','โจ๊กหมูใส่ไข่','ข้าว',1,250,'ไทย',30),(84,'u000002','p001','T00002','2021-11-29','08:30:00','แซนวิชแฮมชีส','ขนมปัง',1,240,'นานาชาติ',27),(85,'u000003','p001','T00002','2021-11-29','08:30:00','ไส้กรอก','ของว่าง',1,300,'นานาชาติ',40),(86,'u000003','p001','T00001','2021-11-29','08:30:00','กาแฟคาปูชิโนร้อน','กาแฟ',1,200,'นานาชาติ',35),(87,'u000004','p001','T00001','2021-11-29','09:00:00','ชาไทย','ชา',1,300,'ไทย',65),(88,'u000001','p001','T00001','2021-11-29','10:00:00','กาแฟดริป','กาแฟ',1,0,'นานาชาติ',20),(89,'u000001','p002','T00002','2021-11-29','12:00:00','บะหมี่เกี๊ยวหมูแดง','ก๋วยเตี๋ยว',1,370,'จีน',40),(90,'u000003','p002','T00002','2021-11-29','12:10:00','ผัดซีอิ๊วใส่ไข่','ก๋วยเตี๋ยว',1,790,'ไทย',40),(91,'u000002','p002','T00002','2021-11-29','12:30:00','ก๋วยเตี๋ยวไก่','ก๋วยเตี๋ยว',1,428,'ไทย',45),(92,'u000001','p004','T00002','2021-11-29','18:00:00','หมูกระทะ','บุฟเฟ่ต์',1,400,'ไทย',200),(93,'u000004','p004','T00002','2021-11-29','18:00:00','ก๋วยเตี๋ยวน้ำตกหมู','ก๋วยเตี๋ยว',2,360,'ไทย',35),(94,'u000002','p005','T00002','2021-11-29','19:30:00','ก๋วยเตี๋ยวหมูต้มยำ','ก๋วยเตี๋ยว',1,300,'ไทย',45),(95,'u000003','p005','T00002','2021-11-29','19:30:00','ราเมงหมูสามชั้น','ก๋วยเตี๋ยว',1,436,'ญี่ปุ่น',189),(96,'u000004','p003','T00004','2021-11-29','15:00:00','ขนมฝอยทอง','ของหวาน',1,360,'ไทย',55),(97,'u000001','p001','T00002','2021-11-29','08:30:00','โจ๊กหมูใส่ไข่','ข้าว',1,250,'ไทย',30),(98,'u000002','p001','T00002','2021-11-30','08:30:00','ข้าวเหนียว ไก่ทอด','ข้าว',1,350,'ไทย',30),(99,'u000003','p001','T00002','2021-11-30','08:30:00','ซาลาเปาหมูสับ','ของว่าง',1,180,'ไทย',9),(100,'u000003','p001','T00001','2021-11-30','08:30:00','กาแฟคาปูชิโนร้อน','กาแฟ',1,200,'นานาชาติ',35),(101,'u000001','p001','T00001','2021-11-30','09:00:00','กาแฟอเมริกาโน่ (ไม่หวาน)','กาแฟ',1,0,'นานาชาติ',55),(102,'u000004','p001','T00001','2021-11-30','09:00:00','กาแฟท๊อฟฟี่นัทลาเต้','กาแฟ',1,301,'นานาชาติ',150),(103,'u000001','p002','T00002','2021-11-30','12:00:00','ข้าวกะเพราหมู','ข้าว',1,610,'ไทย',40),(104,'u000003','p002','T00002','2021-11-30','12:00:00','ก๋วยเตี๋ยวน้ำตกหมู','ก๋วยเตี๋ยว',1,360,'ไทย',40),(105,'u000004','p002','T00002','2021-11-30','12:00:00','สุกี้ไก่','ก๋วยเตี๋ยว',1,250,'ไทย',55),(106,'u000004','p003','T00004','2021-11-30','16:00:00','ทาร์ตไข่','ของหวาน',1,170,'นานาชาติ',35),(107,'u000004','p004','T00002','2021-11-30','17:00:00','ข้าวเหนียวหมูทอด','ข้าว',1,440,'ไทย',50),(108,'u000002','p004','T00002','2021-11-30','17:30:00','สเต๊กหมูคุโรบุตะ','กับข้าว',1,375,'นานาชาติ',189),(109,'u000001','p004','T00002','2021-11-30','18:00:00','ก๋วยเตี๋ยวเย็นตาโฟต้มยำ','ก๋วยเตี๋ยว',1,420,'ไทย',50),(110,'u000003','p004','T00002','2021-11-30','18:00:00','แซลมอนซาชิมิ','กับข้าว',1,179,'ญี่ปุ่น',301),(111,'u000002','p002','T00002','2021-11-30','12:10:00','เบอร์เกอร์เนื้อ','ขนมปัง',1,350,'นานาชาติ',159),(112,'u000001','p001','T00002','2021-11-30','08:30:00','ข้าวหมูทอดกระเทียม','ข้าว',1,525,'ไทย',40),(113,'u000003','p001','T00002','2021-12-01','08:30:00','โดนัท','ขนม',1,452,'นานาชาติ',20),(114,'u000003','p001','T00001','2021-12-01','08:30:00','กาแฟคาปูชิโนร้อน','กาแฟ',1,200,'นานาชาติ',35),(115,'u000001','p001','T00001','2021-12-01','09:00:00','กาแฟอเมริกาโน่ (ไม่หวาน)','กาแฟ',1,0,'นานาชาติ',55),(116,'u000003','p001','T00002','2021-12-01','09:00:00','โจ๊กไก่','ข้าว',1,120,'ไทย',25),(117,'u000004','p001','T00001','2021-12-01','10:00:00','กาแฟท๊อฟฟี่นัทลาเต้','กาแฟ',1,301,'นานาชาติ',150),(118,'u000001','p002','T00002','2021-12-01','12:00:00','ข้าวแกงกะหรี่หมู','ข้าว',1,800,'ไทย',40),(119,'u000003','p002','T00002','2021-12-01','12:00:00','ผัดไทยกุ้งสด','ก๋วยเตี๋ยว',1,488,'ไทย',70),(120,'u000002','p002','T00002','2021-12-01','12:10:00','ข้าวมันไก่','ข้าว',1,618,'ไทย',80),(121,'u000002','p002','T00001','2021-12-01','12:10:00','ชาเขียวเย็น','ชา',1,319,'นานาชาติ',65),(122,'u000004','p002','T00002','2021-12-01','12:30:00','ต้มจืดเต้าหู้หมูสับ','กับข้าว',1,200,'ไทย',50),(123,'u000004','p004','T00005','2021-12-01','17:00:00','แก้วมังกร','ผลไม้',1,60,'นานาชาติ',30),(124,'u000001','p004','T00002','2021-12-01','18:00:00','ข้าวไข่เจียว','ข้าว',1,320,'ไทย',30),(125,'u000002','p005','T00002','2021-12-01','19:30:00','ซุปหม่าล่าจีน','กับข้าว',1,748,'จีน',100),(126,'u000003','p005','T00002','2021-12-01','19:30:00','ไก่ทอดวิงแซ่บ','กับข้าว',5,500,'นานาชาติ',129),(127,'u000001','p001','T00002','2021-12-01','08:30:00','ข้าวผัดหมูู','ข้าว',1,630,'ไทย',40),(128,'u000002','p003','T00001','2021-12-02','15:30:00','น้ำส้ม','น้ำผลไม้',1,100,'นานาชาติ',45),(129,'u000004','p001','T00001','2021-12-02','10:00:00','ชาเขียว','ชา',1,120,'นานาชาติ',70),(130,'u000001','p002','T00002','2021-12-02','11:00:00','ข้าวมันไก่','ข้าว',1,618,'ไทย',250),(131,'u000002','p002','T00002','2021-12-02','12:30:00','ข้าวไก่กระเทียม','ข้าว',1,360,'ไทย',55),(132,'u000004','p002','T00002','2021-12-02','12:30:00','ข้าวไข่เจียว ใส่แฮม','ข้าว',1,300,'ไทย',60),(133,'u000001','p003','T00001','2021-12-02','14:00:00','กาแฟอเมริกาโน่ (ไม่หวาน)','กาแฟ',1,0,'นานาชาติ',120),(134,'u000001','p004','T00002','2021-12-02','17:00:00','ข้าวมันไก่','ข้าว',1,618,'ไทย',40),(135,'u000004','p004','T00002','2021-12-02','18:00:00','ข้าวผัดน้ำพริก','ข้าว',1,640,'ไทย',180),(136,'u000001','p005','T00004','2021-12-02','20:00:00','กล้วยบวชชี','ของหวาน',1,325,'ไทย',10),(137,'u000002','p002','T00002','2021-12-02','12:10:00','ปลากระพงทอดน้ำปลา','กับข้าว',1,230,'ไทย',300),(138,'u000001','p001','T00002','2021-12-03','08:00:00','ผัดซีอิ๊ว','ก๋วยเตี๋ยว',1,730,'ไทย',40),(139,'u000002','p001','T00002','2021-12-03','08:30:00','แซนวิชแฮมชีส','ขนมปัง',1,240,'นานาชาติ',27),(140,'u000001','p001','T00001','2021-12-03','10:00:00','กาแฟอเมริกาโน่ (ไม่หวาน)','กาแฟ',1,0,'นานาชาติ',55),(141,'u000004','p001','T00002','2021-12-03','10:00:00','ข้าวเหนียว หมูปิ้ง','ข้าว',1,586,'ไทย',30),(142,'u000004','p001','T00001','2021-12-03','10:00:00','กาแฟดำ หวานน้อย','กาแฟ',1,50,'นานาชาติ',60),(143,'u000001','p002','T00002','2021-12-03','12:00:00','ข้าวหน้าหมูยากินิกุ','ข้าว',1,500,'ญี่ปุ่น',49),(144,'u000004','p002','T00002','2021-12-03','12:00:00','ข้าวต้มหมู','ข้าว',1,360,'ไทย',60),(145,'u000002','p002','T00002','2021-12-03','12:10:00','ข้าวขาหมูไม่เอาหนัง','ข้าว',1,408,'ไทย',50),(146,'u000002','p002','T00002','2021-12-03','12:10:00','ต้มแซ่บ','กับข้าว',1,160,'ไทย',300),(147,'u000001','p002','T00005','2021-12-03','13:00:00','ฝรั่ง','ผลไม้',1,68,'นานาชาติ',20),(148,'u000004','p003','T00001','2021-12-03','14:00:00','ชานมไข่มุก','ชา',1,315,'ไต้หวัน',70),(149,'u000001','p003','T00003','2021-12-03','15:00:00','ขนมแคร็กเกอร์ bin bin','ขนม',1,120,'ญี่ปุ่น',5),(150,'u000001','p004','T00002','2021-12-03','17:30:00','ข้าวผัดคะน้าหมูชิ้น','ข้าว',1,500,'ไทย',50),(151,'u000004','p004','T00005','2021-12-03','18:00:00','ฝรั่ง','ผลไม้',1,100,'นานาชาติ',50),(152,'u000003','p001','T00002','2021-12-04','08:00:00','ไส้กรอก','ของว่าง',1,300,'นานาชาติ',40),(153,'u000003','p001','T00001','2021-12-04','08:30:00','กาแฟคาปูชิโนร้อน','กาแฟ',1,200,'นานาชาติ',35),(154,'u000001','p001','T00002','2021-12-04','09:30:00','คอนเฟล็ก','ของว่าง',1,160,'นานาชาติ',20),(155,'u000001','p001','T00001','2021-12-04','09:30:00','เวย์โปรตีน','อาหารเสริม',1,140,'นานาชาติ',20),(156,'u000001','p001','T00001','2021-12-04','09:30:00','นมสด','นม',1,140,'นานาชาติ',10),(157,'u000001','p001','T00001','2021-12-04','10:00:00','กาแฟดริป','กาแฟ',1,0,'นานาชาติ',20),(158,'u000004','p001','T00002','2021-12-04','10:00:00','ผัดมาม่าทูน่า','ก๋วยเตี๋ยว',1,250,'ไทย',50),(159,'u000002','p001','T00002','2021-12-04','10:30:00','ข้าวผัด','ข้าว',1,606,'ไทย',50),(160,'u000001','p002','T00002','2021-12-04','11:30:00','ข้าวกะเพราะเนื้อ','ข้าว',1,622,'ไทย',92),(161,'u000001','p002','T00002','2021-12-04','12:00:00','บะหมี่เกี๊ยว','ก๋วยเตี๋ยว',1,370,'จีน',50),(162,'u000003','p002','T00002','2021-12-04','12:00:00','ก๋วยเตี๋ยวราดหน้าปลากะพง','ก๋วยเตี๋ยว',1,400,'ไทย',120),(163,'u000003','p002','T00005','2021-12-04','12:00:00','กล้วยหอม','ผลไม้',1,88,'นานาชาติ',8),(164,'u000004','p002','T00001','2021-12-04','12:00:00','ชาเขียว','ชา',1,242,'นานาชาติ',190),(165,'u000004','p004','T00002','2021-12-04','15:00:00','หมูย่างเกาหลี','กับข้าว',1,330,'เกาหลี',300),(166,'u000001','p004','T00002','2021-12-04','18:00:00','ข้าวผัดปู','ข้าว',1,650,'ไทย',80),(167,'u000002','p004','T00002','2021-12-04','18:00:00','ฮ่อยจ๊อ','ของว่าง',1,230,'ไทย',120),(168,'u000002','p004','T00002','2021-12-04','18:00:00','ปลากระพงทอดน้ำปลา','กับข้าว',1,230,'ไทย',280),(169,'u000002','p004','T00002','2021-12-04','18:00:00','เป็ดพะโล้','ของว่าง',1,253,'ไทย',120),(170,'u000002','p004','T00002','2021-12-04','18:00:00','ยำคอหมูย่าง','ยำ',1,560,'ไทย',120),(171,'u000003','p004','T00002','2021-12-04','18:00:00','ไก่ทอดวิงแซ่บ','กับข้าว',5,500,'นานาชาติ',129),(172,'u000001','p001','T00002','2021-12-04','08:30:00','โจ๊กหมูใส่ไข่','ข้าว',1,250,'ไทย',30),(173,'u000003','p001','T00002','2021-12-05','08:30:00','หนังไก่ข้าวเหนียว','ข้าว',1,300,'ไทย',30),(174,'u000003','p001','T00001','2021-12-05','08:30:00','กาแฟคาปูชิโนร้อน','กาแฟ',1,200,'นานาชาติ',35),(175,'u000002','p001','T00002','2021-12-05','09:00:00','ผัดหอยลาย','ของว่าง',1,93,'ไทย',90),(176,'u000001','p001','T00001','2021-12-05','10:00:00','กาแฟดริป','กาแฟ',1,0,'นานาชาติ',20),(177,'u000004','p001','T00001','2021-12-05','10:00:00','ชานมไข่มุก','ชา',1,315,'ไต้หวัน',55),(178,'u000001','p002','T00002','2021-12-05','12:00:00','ข้าวหน้าเนื้อยากินิกุ','ข้าว',1,758,'ญี่ปุ่น',120),(179,'u000003','p002','T00002','2021-12-05','12:00:00','ผัดซีอิ๊วใส่ไข่','ก๋วยเตี๋ยว',1,790,'ไทย',40),(180,'u000004','p002','T00002','2021-12-05','12:00:00','ข้าวไข่เจียวหมูสับ','ข้าว',1,360,'ไทย',40),(181,'u000002','p003','T00002','2021-12-05','14:00:00','ผัดหอยลาย','ของว่าง',1,93,'ไทย',90),(182,'u000004','p004','T00005','2021-12-05','17:00:00','มะม่วง','ผลไม้',1,100,'นานาชาติ',30),(183,'u000004','p002','T00003','2021-12-05','12:30:00','ลูกชิ้นปิ้ง','ของว่าง',1,100,'ไทย',30),(184,'u000001','p004','T00002','2021-12-05','18:00:00','ผัดหมี่ฮกเกี้ยน','ก๋วยเตี๋ยว',1,796,'จีน',96),(185,'u000002','p005','T00001','2021-12-05','19:00:00','บลูเบอรี่ปั่น','น้ำผลไม้',1,290,'ไทย',45),(186,'u000003','p005','T00002','2021-12-05','20:00:00','ปูนึ่ง','ของว่าง',1,200,'ไทย',450),(187,'u000003','p005','T00003','2021-12-05','20:00:00','ขนมถุง','ขนม',1,140,'นานาชาติ',40),(188,'u000001','p001','T00002','2021-12-05','08:30:00','ข้าวกะเพราเนื้อออสเตรเลีย','ข้าว',1,700,'ไทย',100),(189,'u000002','p001','T00002','2021-12-06','08:30:00','แซนวิชแฮมชีส','ขนมปัง',1,240,'นานาชาติ',27),(190,'u000003','p001','T00002','2021-12-06','08:30:00','โดนัท','ขนม',1,452,'ไทย',20),(191,'u000003','p001','T00001','2021-12-06','08:30:00','กาแฟคาปูชิโนร้อน','กาแฟ',1,200,'นานาชาติ',35),(192,'u000001','p001','T00001','2021-12-06','09:00:00','กาแฟอเมริกาโน่ (ไม่หวาน)','กาแฟ',1,0,'นานาชาติ',55),(193,'u000003','p001','T00002','2021-12-06','09:00:00','โจ๊กไก่','ข้าว',1,120,'ไทย',25),(194,'u000004','p001','T00001','2021-12-06','10:00:00','กาแฟดำ หวานน้อย','กาแฟ',1,50,'นานาชาติ',50),(195,'u000001','p002','T00002','2021-12-06','12:00:00','ข้าวมันไก่','ข้าว',1,618,'ไทย',40),(196,'u000001','p002','T00002','2021-12-06','12:00:00','ข้าวกะเพราหมูไข่ดาว','ข้าว',1,710,'ไทย',45),(197,'u000003','p002','T00002','2021-12-06','12:00:00','สลัดโรล','ของว่าง',1,120,'ไทย',45),(198,'u000003','p002','T00002','2021-12-06','12:00:00','ก๋วยเตี๋ยวหมูต้มยำ','ก๋วยเตี๋ยว',1,300,'ไทย',45),(199,'u000004','p002','T00004','2021-12-06','12:00:00','เค้กกล้วยหอม','ของหวาน',1,120,'นานาชาติ',30),(200,'u000002','p003','T00002','2021-12-06','13:00:00','ส้มตำ','ส้มตำ',1,120,'ไทย',60),(201,'u000004','p003','T00003','2021-12-06','15:00:00','มันฝรั่งทอด','ขนม',1,323,'นานาชาติ',25),(202,'u000001','p004','T00002','2021-12-06','18:00:00','ข้าวขาหมู','ข้าว',1,531,'ไทย',40),(203,'u000003','p004','T00002','2021-12-06','18:00:00','แซลมอนซาชิมิ','กับข้าว',1,179,'ญี่ปุ่น',301),(204,'u000004','p004','T00002','2021-12-06','18:00:00','ข้าวปลาทอด','ข้าว',1,200,'ไทย',40),(205,'u000001','p001','T00002','2021-12-06','08:30:00','โจ๊กหมูใส่ไข่','ข้าว',1,250,'ไทย',30),(206,'u000002','p001','T00002','2021-12-07','08:30:00','โจ๊กหมู','ข้าว',1,200,'ไทย',35),(207,'u000003','p001','T00002','2021-12-07','08:30:00','โจ๊กไก่','ข้าว',1,120,'ไทย',25),(208,'u000003','p001','T00001','2021-12-07','08:30:00','กาแฟคาปูชิโนร้อน','กาแฟ',1,200,'นานาชาติ',35),(209,'u000001','p001','T00001','2021-12-07','09:00:00','กาแฟอเมริกาโน่ (ไม่หวาน)','กาแฟ',1,0,'นานาชาติ',55),(210,'u000004','p001','T00001','2021-12-07','10:00:00','กาแฟดำ','กาแฟ',1,150,'นานาชาติ',50),(211,'u000004','p002','T00002','2021-12-07','12:00:00','ยำถั่วพูหมูสับ','ยำ',1,400,'ไทย',60),(212,'u000002','p003','T00002','2021-12-07','13:00:00','ข้าวขาหมู','ข้าว',1,531,'ไทย',55),(213,'u000002','p003','T00001','2021-12-07','13:45:00','ชาเขียวเย็น','ชา',1,319,'นานาชาติ',65),(214,'u000004','p003','T00004','2021-12-07','15:00:00','ขนมต้ม','ของหวาน',1,600,'ไทย',45),(215,'u000001','p004','T00002','2021-12-07','18:00:00','ข้าวไก่ย่าง','ข้าว',1,350,'ไทย',40),(216,'u000004','p004','T00002','2021-12-07','18:00:00','ส้มตำปูปลาร้า','ส้มตำ',1,200,'ไทย',50),(217,'u000002','p005','T00002','2021-12-07','18:20:00','ข้าวปลาย่างราดซอสญี่ปุ่น','ข้าว',1,650,'ญี่ปุ่น',99),(218,'u000003','p005','T00002','2021-12-07','19:30:00','ข้าวกะเพราหมูกรอบ','ข้าว',1,650,'ไทย',45),(219,'u000001','p001','T00002','2021-12-07','08:30:00','ข้าวแกงส้มไข่เจียว','ข้าว',1,400,'ไทย',40),(220,'u000002','p002','T00002','2021-12-08','12:00:00','ราเมงซุปหมู','ก๋วยเตี๋ยว',1,436,'นานาชาติ',220),(221,'u000002','p003','T00001','2021-12-08','13:00:00','กาแฟคาปูชิโน่','กาแฟ',1,200,'นานาชาติ',70),(222,'u000002','p005','T00002','2021-12-08','18:20:00','ยำวุ้นเส้น','ยำ',1,250,'ไทย',50);
/*!40000 ALTER TABLE `foodlogs` ENABLE KEYS */;
UNLOCK TABLES;

--
-- Table structure for table `foodtype`
--

DROP TABLE IF EXISTS `foodtype`;
/*!40101 SET @saved_cs_client     = @@character_set_client */;
/*!50503 SET character_set_client = utf8mb4 */;
CREATE TABLE `foodtype` (
  `type_id` varchar(6) NOT NULL,
  `type_name` varchar(45) NOT NULL,
  PRIMARY KEY (`type_id`),
  UNIQUE KEY `food_id_UNIQUE` (`type_id`)
) ENGINE=InnoDB DEFAULT CHARSET=utf8mb4 COLLATE=utf8mb4_0900_ai_ci;
/*!40101 SET character_set_client = @saved_cs_client */;

--
-- Dumping data for table `foodtype`
--

LOCK TABLES `foodtype` WRITE;
/*!40000 ALTER TABLE `foodtype` DISABLE KEYS */;
INSERT INTO `foodtype` VALUES ('T00001','เครื่องดื่ม'),('T00002','อาหาร'),('T00003','ของกินเล่น'),('T00004','ของหวาน'),('T00005','ผลไม้'),('T00006','ขนม');
/*!40000 ALTER TABLE `foodtype` ENABLE KEYS */;
UNLOCK TABLES;

--
-- Table structure for table `users`
--

DROP TABLE IF EXISTS `users`;
/*!40101 SET @saved_cs_client     = @@character_set_client */;
/*!50503 SET character_set_client = utf8mb4 */;
CREATE TABLE `users` (
  `user_id` varchar(7) NOT NULL,
  `username` varchar(45) NOT NULL,
  `firstname` varchar(45) NOT NULL,
  `lastname` varchar(45) NOT NULL,
  `birthday` date NOT NULL,
  `gender` varchar(45) NOT NULL,
  `init_weight` float NOT NULL,
  `init_height` float NOT NULL,
  PRIMARY KEY (`user_id`)
) ENGINE=InnoDB DEFAULT CHARSET=utf8mb4 COLLATE=utf8mb4_0900_ai_ci;
/*!40101 SET character_set_client = @saved_cs_client */;

--
-- Dumping data for table `users`
--

LOCK TABLES `users` WRITE;
/*!40000 ALTER TABLE `users` DISABLE KEYS */;
INSERT INTO `users` VALUES ('u000001','Pete','พีรัตถ์','ผูกพานิช','1992-08-29','Male',70,173),('u000002','Far','วนิดา ','ถาวรสุข','1995-06-25','Female',50,156),('u000003','Ween','ศศิธร','ศิรินทราวุฒิวงศ์','2003-09-15','Female',47.5,160),('u000004','Ploy','อัญมณี','พรพันธุ์วัฒนา','1991-11-28','Female',48.25,164);
/*!40000 ALTER TABLE `users` ENABLE KEYS */;
UNLOCK TABLES;

--
-- Table structure for table `usertracking`
--

DROP TABLE IF EXISTS `usertracking`;
/*!40101 SET @saved_cs_client     = @@character_set_client */;
/*!50503 SET character_set_client = utf8mb4 */;
CREATE TABLE `usertracking` (
  `user_id` varchar(7) NOT NULL,
  `date` date NOT NULL,
  `daily_weight` float DEFAULT NULL,
  `daily_step` int DEFAULT NULL,
  `daily_sleep` varchar(10) DEFAULT NULL,
  `daily_drink` int DEFAULT NULL,
  PRIMARY KEY (`date`,`user_id`)
) ENGINE=InnoDB DEFAULT CHARSET=utf8mb4 COLLATE=utf8mb4_0900_ai_ci;
/*!40101 SET character_set_client = @saved_cs_client */;

--
-- Dumping data for table `usertracking`
--

LOCK TABLES `usertracking` WRITE;
/*!40000 ALTER TABLE `usertracking` DISABLE KEYS */;
INSERT INTO `usertracking` VALUES ('u000001','2021-11-23',70,3704,'450',1500),('u000002','2021-11-23',51.2,10451,'360',2000),('u000004','2021-11-23',48.25,4606,'510',1500),('u000001','2021-11-24',69.8,4275,'380',1000),('u000002','2021-11-24',51,5340,'373',2100),('u000004','2021-11-24',48.1,4051,'388',1000),('u000001','2021-11-25',70,2865,'430',1250),('u000002','2021-11-25',51,5600,'375',1900),('u000003','2021-11-25',47.5,3144,'359',1500),('u000004','2021-11-25',48.5,271,'370',1500),('u000001','2021-11-26',69.9,2520,'400',1500),('u000002','2021-11-26',51,6452,'440',2000),('u000003','2021-11-26',48,13244,'468',1200),('u000004','2021-11-26',47.65,6231,'381',2000),('u000001','2021-11-27',70.2,1902,'430',1500),('u000003','2021-11-27',48.5,4830,'432',1600),('u000004','2021-11-27',47.2,3613,'441',1000),('u000001','2021-11-28',70.2,1707,'490',1000),('u000003','2021-11-28',48.5,5716,'305',1800),('u000004','2021-11-28',48,8067,'501',1000),('u000001','2021-11-29',70.1,4764,'410',1500),('u000002','2021-11-29',51,4989,'420',2000),('u000003','2021-11-29',48.5,6388,'466',2000),('u000004','2021-11-29',47.5,12082,'511',1500),('u000001','2021-11-30',70,4157,'450',1500),('u000002','2021-11-30',51,6543,'390',2000),('u000003','2021-11-30',48.3,5914,'480',1650),('u000004','2021-11-30',48.1,5341,'458',2000),('u000001','2021-12-01',70,3610,'400',1250),('u000002','2021-12-01',50.6,5321,'450',1900),('u000003','2021-12-01',48.1,7423,'420',1950),('u000004','2021-12-01',48.1,2289,'570',1000),('u000001','2021-12-02',70.1,2660,'360',2000),('u000002','2021-12-02',50.6,8763,'420',2200),('u000004','2021-12-02',48.1,3360,'447',1500),('u000001','2021-12-03',69.9,4015,'420',1500),('u000002','2021-12-03',50.4,4987,'440',1900),('u000004','2021-12-03',48.5,4160,'411',500),('u000001','2021-12-04',69.8,618,'440',1500),('u000002','2021-12-04',50,9853,'360',2000),('u000003','2021-12-04',48.9,5359,'464',1600),('u000004','2021-12-04',48.5,8658,'461',500),('u000001','2021-12-05',70,315,'440',1500),('u000002','2021-12-05',50,7654,'360',2000),('u000003','2021-12-05',48.2,4166,'444',1800),('u000004','2021-12-05',48.75,1571,'523',700),('u000001','2021-12-06',70.1,568,'430',1200),('u000002','2021-12-06',50.3,3542,'375',1800),('u000003','2021-12-06',48.1,3049,'358',1960),('u000004','2021-12-06',47.95,1040,'447',1000),('u000001','2021-12-07',70,2987,'420',1200),('u000002','2021-12-07',50.2,8432,'380',1900),('u000003','2021-12-07',49,8120,'465',2000),('u000004','2021-12-07',48.05,530,'474',1000),('u000002','2021-12-08',50,5982,'420',2000);
/*!40000 ALTER TABLE `usertracking` ENABLE KEYS */;
UNLOCK TABLES;
/*!40103 SET TIME_ZONE=@OLD_TIME_ZONE */;

/*!40101 SET SQL_MODE=@OLD_SQL_MODE */;
/*!40014 SET FOREIGN_KEY_CHECKS=@OLD_FOREIGN_KEY_CHECKS */;
/*!40014 SET UNIQUE_CHECKS=@OLD_UNIQUE_CHECKS */;
/*!40101 SET CHARACTER_SET_CLIENT=@OLD_CHARACTER_SET_CLIENT */;
/*!40101 SET CHARACTER_SET_RESULTS=@OLD_CHARACTER_SET_RESULTS */;
/*!40101 SET COLLATION_CONNECTION=@OLD_COLLATION_CONNECTION */;
/*!40111 SET SQL_NOTES=@OLD_SQL_NOTES */;

-- Dump completed on 2021-12-23  3:45:47
